{
  "Length Only": {
    "f1": 0.5108695652173914,
    "gap": 0.3916945373467112
  },
  "Perplexity Only": {
    "f1": 0.6331877729257642,
    "gap": 0.26937632963833835
  },
  "NumCount (Robust)": {
    "f1": 0.5421686746987951,
    "gap": 0.3603954278653074
  },
  "EntityCount (NER)": {
    "f1": 0.5395348837209303,
    "gap": 0.3630292188431723
  },
  "Combined (All 4)": {
    "f1": 0.656084656084656,
    "gap": 0.24647944647944653
  }
}